<?xml version="1.0" encoding="UTF-8"?>
    <addon id="ManCaveMedia Repository" name="ManCaveMedia Repository" version="0.1.1" provider-name="ManCaveMedia">
        <requires>
            <import addon="xbmc.addon" version="12.0.0"/>
        </requires>
        <extension point="xbmc.addon.repository" name="ManCaveMedia Repository">
            <info compressed="false">https://raw.githubusercontent.com/ManCaveMedia/kodi/_repo/addons.xml</info>
            <checksum>https://raw.githubusercontent.com/ManCaveMedia/kodi/_repo/addons.xml.md5</checksum>
            <datadir zip="true">https://raw.githubusercontent.com/ManCaveMedia/kodi/_repo/</datadir>
            <hashes>false</hashes>
        </extension>
        <extension point="xbmc.addon.metadata">
            <summary>Repository met enkele aanbevolen repositories en add-ons voor Kodi</summary>
            <description>Een handige repository van ManCaveMedia met een paar aanbevelingen om je ManCaveMediaBox nog leuker te maken dan 'ie al is.[CR]Lekker spelen en pielen met je apparaat.</description>
            <platform>all</platform>
    </extension>
</addon>